-- Mo database 
use master
go
-- Tao database
create database QLDH on primary
( filename='D:\007\qldh.mdf', name='a')
log on
( filename='D:\007\qldh.ldf', name='b' )
COLLATE SQL_Latin1_General_CP1_CI_AS;
go

USE [QLDH]
GO
/****** Object:  Table [dbo].[CHITIEN]    Script Date: 20/11/2021 21:01:23 ******/
SET ANSI_NULLS ON
GO
SET QUOTED_IDENTIFIER ON
GO
SET ANSI_PADDING ON
GO
CREATE TABLE [dbo].[CHITIEN](
	[MAPHIEUCT] [varchar](11) NOT NULL,
	[MANCC] [varchar](11) NOT NULL,
	[DIENGIAI] [nvarchar](50) NULL,
	[NGAYCT] [date] NULL,
	[SOTIEN] [float] NULL,
	[MANH] [varchar](11) NULL,
 CONSTRAINT [PK_CHITIEN] PRIMARY KEY CLUSTERED 
(
	[MAPHIEUCT] ASC,
	[MANCC] ASC
)WITH (PAD_INDEX = OFF, STATISTICS_NORECOMPUTE = OFF, IGNORE_DUP_KEY = OFF, ALLOW_ROW_LOCKS = ON, ALLOW_PAGE_LOCKS = ON) ON [PRIMARY]
) ON [PRIMARY]

GO
SET ANSI_PADDING OFF
GO
/****** Object:  Table [dbo].[CHITIETDATHANG]    Script Date: 20/11/2021 21:01:23 ******/
SET ANSI_NULLS ON
GO
SET QUOTED_IDENTIFIER ON
GO
SET ANSI_PADDING ON
GO
CREATE TABLE [dbo].[CHITIETDATHANG](
	[MADH] [varchar](11) NOT NULL,
	[MAHH] [varchar](11) NOT NULL,
	[SLDH] [int] NULL,
	[TINHTRANG] [nvarchar](50) NULL,
 CONSTRAINT [PK_CHITIETDATHANG] PRIMARY KEY CLUSTERED 
(
	[MADH] ASC,
	[MAHH] ASC
)WITH (PAD_INDEX = OFF, STATISTICS_NORECOMPUTE = OFF, IGNORE_DUP_KEY = OFF, ALLOW_ROW_LOCKS = ON, ALLOW_PAGE_LOCKS = ON) ON [PRIMARY]
) ON [PRIMARY]

GO
SET ANSI_PADDING OFF
GO
/****** Object:  Table [dbo].[CHITIETNHAPHANG]    Script Date: 20/11/2021 21:01:23 ******/
SET ANSI_NULLS ON
GO
SET QUOTED_IDENTIFIER ON
GO
SET ANSI_PADDING ON
GO
CREATE TABLE [dbo].[CHITIETNHAPHANG](
	[MANH] [varchar](11) NOT NULL,
	[MAHH] [varchar](11) NOT NULL,
	[SL] [int] NULL,
	[GIAMUA] [float] NULL,
	[THANHTIEN] [float] NULL,
 CONSTRAINT [PK_CHITIETNHAPHANG] PRIMARY KEY CLUSTERED 
(
	[MANH] ASC,
	[MAHH] ASC
)WITH (PAD_INDEX = OFF, STATISTICS_NORECOMPUTE = OFF, IGNORE_DUP_KEY = OFF, ALLOW_ROW_LOCKS = ON, ALLOW_PAGE_LOCKS = ON) ON [PRIMARY]
) ON [PRIMARY]

GO
SET ANSI_PADDING OFF
GO
/****** Object:  Table [dbo].[CHITIETXUATHANG]    Script Date: 20/11/2021 21:01:23 ******/
SET ANSI_NULLS ON
GO
SET QUOTED_IDENTIFIER ON
GO
SET ANSI_PADDING ON
GO
CREATE TABLE [dbo].[CHITIETXUATHANG](
	[MAXH] [varchar](11) NOT NULL,
	[MAHH] [varchar](11) NOT NULL,
	[SL] [int] NULL,
	[GIABAN] [float] NULL,
	[THANHTIEN] [float] NULL,
 CONSTRAINT [PK_CHITIETXUATHANG] PRIMARY KEY CLUSTERED 
(
	[MAXH] ASC,
	[MAHH] ASC
)WITH (PAD_INDEX = OFF, STATISTICS_NORECOMPUTE = OFF, IGNORE_DUP_KEY = OFF, ALLOW_ROW_LOCKS = ON, ALLOW_PAGE_LOCKS = ON) ON [PRIMARY]
) ON [PRIMARY]

GO
SET ANSI_PADDING OFF
GO
/****** Object:  Table [dbo].[DATHANG]    Script Date: 20/11/2021 21:01:23 ******/
SET ANSI_NULLS ON
GO
SET QUOTED_IDENTIFIER ON
GO
SET ANSI_PADDING ON
GO
CREATE TABLE [dbo].[DATHANG](
	[MADH] [varchar](11) NOT NULL,
	[NGAYDH] [date] NULL,
	[MAKH] [varchar](11) NULL,
PRIMARY KEY CLUSTERED 
(
	[MADH] ASC
)WITH (PAD_INDEX = OFF, STATISTICS_NORECOMPUTE = OFF, IGNORE_DUP_KEY = OFF, ALLOW_ROW_LOCKS = ON, ALLOW_PAGE_LOCKS = ON) ON [PRIMARY]
) ON [PRIMARY]

GO
SET ANSI_PADDING OFF
GO
/****** Object:  Table [dbo].[HANGHOA]    Script Date: 20/11/2021 21:01:23 ******/
SET ANSI_NULLS ON
GO
SET QUOTED_IDENTIFIER ON
GO
SET ANSI_PADDING ON
GO
CREATE TABLE [dbo].[HANGHOA](
	[MAHH] [varchar](11) NOT NULL,
	[TENHH] [nvarchar](30) NULL,
	[DVT] [nvarchar](10) NULL,
	[GIAGOC] [float] NULL,
	[MANCC] [varchar](11) NULL,
PRIMARY KEY CLUSTERED 
(
	[MAHH] ASC
)WITH (PAD_INDEX = OFF, STATISTICS_NORECOMPUTE = OFF, IGNORE_DUP_KEY = OFF, ALLOW_ROW_LOCKS = ON, ALLOW_PAGE_LOCKS = ON) ON [PRIMARY]
) ON [PRIMARY]

GO
SET ANSI_PADDING OFF
GO
/****** Object:  Table [dbo].[KHACHHANG]    Script Date: 20/11/2021 21:01:23 ******/
SET ANSI_NULLS ON
GO
SET QUOTED_IDENTIFIER ON
GO
SET ANSI_PADDING ON
GO
CREATE TABLE [dbo].[KHACHHANG](
	[MAKH] [varchar](11) NOT NULL,
	[TENKH] [nvarchar](50) NULL,
	[DIACHI] [nvarchar](100) NULL,
	[NODK] [float] NULL,
PRIMARY KEY CLUSTERED 
(
	[MAKH] ASC
)WITH (PAD_INDEX = OFF, STATISTICS_NORECOMPUTE = OFF, IGNORE_DUP_KEY = OFF, ALLOW_ROW_LOCKS = ON, ALLOW_PAGE_LOCKS = ON) ON [PRIMARY]
) ON [PRIMARY]

GO
SET ANSI_PADDING OFF
GO
/****** Object:  Table [dbo].[NGUOIDUNG]    Script Date: 20/11/2021 21:01:23 ******/
SET ANSI_NULLS ON
GO
SET QUOTED_IDENTIFIER ON
GO
SET ANSI_PADDING ON
GO
CREATE TABLE [dbo].[NGUOIDUNG](
	[TENND] [nvarchar](30) NOT NULL,
	[MK] [varchar](20) NULL,
	[QUYENTC] [nvarchar](20) NULL,
PRIMARY KEY CLUSTERED 
(
	[TENND] ASC
)WITH (PAD_INDEX = OFF, STATISTICS_NORECOMPUTE = OFF, IGNORE_DUP_KEY = OFF, ALLOW_ROW_LOCKS = ON, ALLOW_PAGE_LOCKS = ON) ON [PRIMARY]
) ON [PRIMARY]

GO
SET ANSI_PADDING OFF
GO
/****** Object:  Table [dbo].[NHACUNGCAP]    Script Date: 20/11/2021 21:01:23 ******/
SET ANSI_NULLS ON
GO
SET QUOTED_IDENTIFIER ON
GO
SET ANSI_PADDING ON
GO
CREATE TABLE [dbo].[NHACUNGCAP](
	[MANCC] [varchar](11) NOT NULL,
	[TENNCC] [nvarchar](50) NULL,
	[DIACHI] [nvarchar](100) NULL,
	[NODK] [float] NULL,
PRIMARY KEY CLUSTERED 
(
	[MANCC] ASC
)WITH (PAD_INDEX = OFF, STATISTICS_NORECOMPUTE = OFF, IGNORE_DUP_KEY = OFF, ALLOW_ROW_LOCKS = ON, ALLOW_PAGE_LOCKS = ON) ON [PRIMARY]
) ON [PRIMARY]

GO
SET ANSI_PADDING OFF
GO
/****** Object:  Table [dbo].[NHAPHANG]    Script Date: 20/11/2021 21:01:23 ******/
SET ANSI_NULLS ON
GO
SET QUOTED_IDENTIFIER ON
GO
SET ANSI_PADDING ON
GO
CREATE TABLE [dbo].[NHAPHANG](
	[MANH] [varchar](11) NOT NULL,
	[NGAYNH] [date] NULL,
	[PHINH] [float] NULL,
PRIMARY KEY CLUSTERED 
(
	[MANH] ASC
)WITH (PAD_INDEX = OFF, STATISTICS_NORECOMPUTE = OFF, IGNORE_DUP_KEY = OFF, ALLOW_ROW_LOCKS = ON, ALLOW_PAGE_LOCKS = ON) ON [PRIMARY]
) ON [PRIMARY]

GO
SET ANSI_PADDING OFF
GO
/****** Object:  Table [dbo].[THUTIEN]    Script Date: 20/11/2021 21:01:23 ******/
SET ANSI_NULLS ON
GO
SET QUOTED_IDENTIFIER ON
GO
SET ANSI_PADDING ON
GO
CREATE TABLE [dbo].[THUTIEN](
	[MAPHIEUTT] [varchar](11) NOT NULL,
	[MAKH] [varchar](11) NOT NULL,
	[DIENGIAI] [nvarchar](50) NULL,
	[NGAYTT] [date] NULL,
	[SOTIEN] [float] NULL,
	[MAXH] [varchar](11) NULL,
 CONSTRAINT [PK_THUTIEN] PRIMARY KEY CLUSTERED 
(
	[MAPHIEUTT] ASC,
	[MAKH] ASC
)WITH (PAD_INDEX = OFF, STATISTICS_NORECOMPUTE = OFF, IGNORE_DUP_KEY = OFF, ALLOW_ROW_LOCKS = ON, ALLOW_PAGE_LOCKS = ON) ON [PRIMARY]
) ON [PRIMARY]

GO
SET ANSI_PADDING OFF
GO
/****** Object:  Table [dbo].[TONKHO]    Script Date: 20/11/2021 21:01:23 ******/
SET ANSI_NULLS ON
GO
SET QUOTED_IDENTIFIER ON
GO
SET ANSI_PADDING ON
GO
CREATE TABLE [dbo].[TONKHO](
	[MAHH] [varchar](11) NOT NULL,
	[TONDAU] [int] NULL,
	[NHAP] [int] NULL,
	[XUAT] [int] NULL,
	[TONCUOI] [int] NULL,
	[TGTTON] [float] NULL,
 CONSTRAINT [PK_TONKHO] PRIMARY KEY CLUSTERED 
(
	[MAHH] ASC
)WITH (PAD_INDEX = OFF, STATISTICS_NORECOMPUTE = OFF, IGNORE_DUP_KEY = OFF, ALLOW_ROW_LOCKS = ON, ALLOW_PAGE_LOCKS = ON) ON [PRIMARY]
) ON [PRIMARY]

GO
SET ANSI_PADDING OFF
GO
/****** Object:  Table [dbo].[XUATHANG]    Script Date: 20/11/2021 21:01:23 ******/
SET ANSI_NULLS ON
GO
SET QUOTED_IDENTIFIER ON
GO
SET ANSI_PADDING ON
GO
CREATE TABLE [dbo].[XUATHANG](
	[MAXH] [varchar](11) NOT NULL,
	[NGAYXH] [date] NULL,
	[MAKH] [varchar](11) NULL,
	[PHIXH] [float] NULL,
	[MADH] [varchar](11) NULL,
 CONSTRAINT [PK_XUATHANG] PRIMARY KEY CLUSTERED 
(
	[MAXH] ASC
)WITH (PAD_INDEX = OFF, STATISTICS_NORECOMPUTE = OFF, IGNORE_DUP_KEY = OFF, ALLOW_ROW_LOCKS = ON, ALLOW_PAGE_LOCKS = ON) ON [PRIMARY]
) ON [PRIMARY]

GO
SET ANSI_PADDING OFF
GO
INSERT [dbo].[CHITIEN] ([MAPHIEUCT], [MANCC], [DIENGIAI], [NGAYCT], [SOTIEN], [MANH]) VALUES (N'CT001', N'NC001', N'Phí Nhập hàng 01', CAST(N'2021-12-01' AS Date), 130000, N'NH001')
INSERT [dbo].[CHITIETDATHANG] ([MADH], [MAHH], [SLDH], [TINHTRANG]) VALUES (N'DH001', N'HH001', 10, N'Đã xuất hàng')
INSERT [dbo].[CHITIETDATHANG] ([MADH], [MAHH], [SLDH], [TINHTRANG]) VALUES (N'DH002', N'HH002', 50, N'Thiếu')
INSERT [dbo].[CHITIETDATHANG] ([MADH], [MAHH], [SLDH], [TINHTRANG]) VALUES (N'DH002', N'HH003', 40, N'Thiếu')
INSERT [dbo].[CHITIETDATHANG] ([MADH], [MAHH], [SLDH], [TINHTRANG]) VALUES (N'DH002', N'HH005', 10, N'Đã xuất hàng')
INSERT [dbo].[CHITIETDATHANG] ([MADH], [MAHH], [SLDH], [TINHTRANG]) VALUES (N'DH003', N'HH005', 50, N'Thiếu')

INSERT [dbo].[CHITIETNHAPHANG] ([MANH], [MAHH], [SL], [GIAMUA], [THANHTIEN]) VALUES (N'NH001', N'HH001', 20, 6000, 130000)
INSERT [dbo].[CHITIETNHAPHANG] ([MANH], [MAHH], [SL], [GIAMUA], [THANHTIEN]) VALUES (N'NH002', N'HH002', 30, 10000, 330000)
INSERT [dbo].[CHITIETNHAPHANG] ([MANH], [MAHH], [SL], [GIAMUA], [THANHTIEN]) VALUES (N'NH003', N'HH003', 10, 6500, 80000)
INSERT [dbo].[CHITIETNHAPHANG] ([MANH], [MAHH], [SL], [GIAMUA], [THANHTIEN]) VALUES (N'NH004', N'HH004', 30, 33000, 1030000)
INSERT [dbo].[CHITIETNHAPHANG] ([MANH], [MAHH], [SL], [GIAMUA], [THANHTIEN]) VALUES (N'NH005', N'HH005', 20, 10000, 210000)
INSERT [dbo].[CHITIETNHAPHANG] ([MANH], [MAHH], [SL], [GIAMUA], [THANHTIEN]) VALUES (N'NH006', N'HH006', 15, 23000, 365000)
INSERT [dbo].[CHITIETNHAPHANG] ([MANH], [MAHH], [SL], [GIAMUA], [THANHTIEN]) VALUES (N'NH007', N'HH008', 50, 20000, 1023000)
INSERT [dbo].[CHITIETNHAPHANG] ([MANH], [MAHH], [SL], [GIAMUA], [THANHTIEN]) VALUES (N'NH008', N'HH010', 60, 60000, 3630000)
INSERT [dbo].[CHITIETXUATHANG] ([MAXH], [MAHH], [SL], [GIABAN], [THANHTIEN]) VALUES (N'XH001', N'HH001', 10, 7200.00048828125, 82000.0078125)
INSERT [dbo].[CHITIETXUATHANG] ([MAXH], [MAHH], [SL], [GIABAN], [THANHTIEN]) VALUES (N'XH002', N'HH005', 10, 12000, 140000)

INSERT [dbo].[DATHANG] ([MADH], [NGAYDH], [MAKH]) VALUES (N'DH001', CAST(N'2021-12-01' AS Date), N'KH002')
INSERT [dbo].[DATHANG] ([MADH], [NGAYDH], [MAKH]) VALUES (N'DH002', CAST(N'2021-12-01' AS Date), N'KH003')
INSERT [dbo].[DATHANG] ([MADH], [NGAYDH], [MAKH]) VALUES (N'DH003', CAST(N'2021-12-01' AS Date), N'KH004')

INSERT [dbo].[HANGHOA] ([MAHH], [TENHH], [DVT], [GIAGOC], [MANCC]) VALUES (N'HH001', N'Nước dừa', N'Lít', 6000, N'NC001')
INSERT [dbo].[HANGHOA] ([MAHH], [TENHH], [DVT], [GIAGOC], [MANCC]) VALUES (N'HH002', N'Bắp cải', N'Kg', 10000, N'NC001')
INSERT [dbo].[HANGHOA] ([MAHH], [TENHH], [DVT], [GIAGOC], [MANCC]) VALUES (N'HH003', N'Bí đỏ', N'Kg', 6500, N'NC001')
INSERT [dbo].[HANGHOA] ([MAHH], [TENHH], [DVT], [GIAGOC], [MANCC]) VALUES (N'HH004', N'Bông hẹ', N'Kg', 33000, N'NC001')
INSERT [dbo].[HANGHOA] ([MAHH], [TENHH], [DVT], [GIAGOC], [MANCC]) VALUES (N'HH005', N'Cà rốt', N'Kg', 10000, N'NC001')
INSERT [dbo].[HANGHOA] ([MAHH], [TENHH], [DVT], [GIAGOC], [MANCC]) VALUES (N'HH006', N'Cải bó xôi', N'Kg', 23000, N'NC001')
INSERT [dbo].[HANGHOA] ([MAHH], [TENHH], [DVT], [GIAGOC], [MANCC]) VALUES (N'HH007', N'Cần đà lạt', N'Kg', 1000, N'NC003')
INSERT [dbo].[HANGHOA] ([MAHH], [TENHH], [DVT], [GIAGOC], [MANCC]) VALUES (N'HH008', N'Chanh', N'Kg', 20000, N'NC003')
INSERT [dbo].[HANGHOA] ([MAHH], [TENHH], [DVT], [GIAGOC], [MANCC]) VALUES (N'HH009', N'Củ dền', N'Kg', 20000, N'NC001')
INSERT [dbo].[HANGHOA] ([MAHH], [TENHH], [DVT], [GIAGOC], [MANCC]) VALUES (N'HH010', N'Củ gừng', N'Kg', 60000, N'NC001')
INSERT [dbo].[HANGHOA] ([MAHH], [TENHH], [DVT], [GIAGOC], [MANCC]) VALUES (N'HH011', N'Thịt ba rọi', N'Kg', 85000, N'NC004')

INSERT [dbo].[KHACHHANG] ([MAKH], [TENKH], [DIACHI], [NODK]) VALUES (N'KH001', N'Công Ty An Thái', N'189 P. Tân Đông Hiệp, TX. Dĩ An, Tỉnh Bình Dương', 500000)
INSERT [dbo].[KHACHHANG] ([MAKH], [TENKH], [DIACHI], [NODK]) VALUES (N'KH002', N'Công Ty Thực Phẩm Trương Phát', N'583 Lê Trọng Tấn, Q.Bình Tân, TP.HCM', 1000000)
INSERT [dbo].[KHACHHANG] ([MAKH], [TENKH], [DIACHI], [NODK]) VALUES (N'KH003', N'Công Ty TNHH Bình An', N'706 Huỳnh Văn Lũy, Phường Phú Mỹ, Tp.Thủ Dầu Một, Bình Dương', 0)
INSERT [dbo].[KHACHHANG] ([MAKH], [TENKH], [DIACHI], [NODK]) VALUES (N'KH004', N'Công Ty TNHH Gia Huy', N'Đường CN1, P.Bình Hưng Hòa, Q.Bình Tân, TP.HCM', 2000000)
INSERT [dbo].[KHACHHANG] ([MAKH], [TENKH], [DIACHI], [NODK]) VALUES (N'KH005', N'Công Ty TNHH Công Nghiệp Anh Khoa', N'B2/23D, X. Vĩnh Lộc A, H. Bình Chánh, Tp. Hồ Chí Minh', 2000000)

INSERT [dbo].[NGUOIDUNG] ([TENND], [MK], [QUYENTC]) VALUES (N'admin', N'admin', N'Admin')
INSERT [dbo].[NGUOIDUNG] ([TENND], [MK], [QUYENTC]) VALUES (N'hieungan', N'hieungan', N'Quản trị hệ thống')
INSERT [dbo].[NGUOIDUNG] ([TENND], [MK], [QUYENTC]) VALUES (N'ductrung', N'ductrung', N'Quản lý')
INSERT [dbo].[NGUOIDUNG] ([TENND], [MK], [QUYENTC]) VALUES (N'tuankhai', N'tuankhai', N'Bán hàng')
INSERT [dbo].[NGUOIDUNG] ([TENND], [MK], [QUYENTC]) VALUES (N'hieungan0112', N'hieungan0112', N'Kế toán')

INSERT [dbo].[NHACUNGCAP] ([MANCC], [TENNCC], [DIACHI], [NODK]) VALUES (N'NC001', N'Công Ty TNHH Phố Chợ', N'239 Tân Quý, P. Tân Quý, Q. Tân Phú, Tp.HCM', 1000000)
INSERT [dbo].[NHACUNGCAP] ([MANCC], [TENNCC], [DIACHI], [NODK]) VALUES (N'NC002', N'Công Ty Cổ Phần Dầu Thực Vật Phú Anh', N'48/5 Phan Huy Ích, phường 15, quận Tân Bình, Tp. Hồ Chí Minh', 5000000)
INSERT [dbo].[NHACUNGCAP] ([MANCC], [TENNCC], [DIACHI], [NODK]) VALUES (N'NC003', N'Công Ty TNHH Thực Phẩm Đồng Xanh', N'229/17 Tây Thạnh, Q. Tân Phú, Tp. HCM', 2000000)
INSERT [dbo].[NHACUNGCAP] ([MANCC], [TENNCC], [DIACHI], [NODK]) VALUES (N'NC004', N'Công ty TNHH MTV Thực phẩm MF', N'Khu dân cư 13C, Xã Phong Phú, Huyện Bình Chánh, Tp.HCM', 500000)
INSERT [dbo].[NHACUNGCAP] ([MANCC], [TENNCC], [DIACHI], [NODK]) VALUES (N'NC005', N'Công Ty TNHH Mr.B', N'07 tỉnh lộ 15, huyện Củ Chi, Tp.HCM', 3000000)

INSERT [dbo].[NHAPHANG] ([MANH], [NGAYNH], [PHINH]) VALUES (N'NH001', CAST(N'2021-12-01' AS Date), 10000)
INSERT [dbo].[NHAPHANG] ([MANH], [NGAYNH], [PHINH]) VALUES (N'NH002', CAST(N'2021-12-01' AS Date), 30000)
INSERT [dbo].[NHAPHANG] ([MANH], [NGAYNH], [PHINH]) VALUES (N'NH003', CAST(N'2021-12-01' AS Date), 15000)
INSERT [dbo].[NHAPHANG] ([MANH], [NGAYNH], [PHINH]) VALUES (N'NH004', CAST(N'2021-12-01' AS Date), 40000)
INSERT [dbo].[NHAPHANG] ([MANH], [NGAYNH], [PHINH]) VALUES (N'NH005', CAST(N'2021-12-01' AS Date), 10000)
INSERT [dbo].[NHAPHANG] ([MANH], [NGAYNH], [PHINH]) VALUES (N'NH006', CAST(N'2021-12-01' AS Date), 20000)
INSERT [dbo].[NHAPHANG] ([MANH], [NGAYNH], [PHINH]) VALUES (N'NH007', CAST(N'2021-12-01' AS Date), 23000)
INSERT [dbo].[NHAPHANG] ([MANH], [NGAYNH], [PHINH]) VALUES (N'NH008', CAST(N'2021-12-01' AS Date), 30000)

INSERT [dbo].[THUTIEN] ([MAPHIEUTT], [MAKH], [DIENGIAI], [NGAYTT], [SOTIEN], [MAXH]) VALUES (N'TT001', N'KH002', N'Tiền xuất hàng 1', CAST(N'2021-12-01' AS Date), 82000, N'XH001')
INSERT [dbo].[THUTIEN] ([MAPHIEUTT], [MAKH], [DIENGIAI], [NGAYTT], [SOTIEN], [MAXH]) VALUES (N'TT002', N'KH003', N'Tiền xuất hàng 2', CAST(N'2021-12-01' AS Date), 140000, N'XH002')

INSERT [dbo].[TONKHO] ([MAHH], [TONDAU], [NHAP], [XUAT], [TONCUOI], [TGTTON]) VALUES (N'HH001', 20, 20, 10, 10, 60000)
INSERT [dbo].[TONKHO] ([MAHH], [TONDAU], [NHAP], [XUAT], [TONCUOI], [TGTTON]) VALUES (N'HH002', 0, 30, 0, 30, 300000)
INSERT [dbo].[TONKHO] ([MAHH], [TONDAU], [NHAP], [XUAT], [TONCUOI], [TGTTON]) VALUES (N'HH003', 0, 10, 0, 10, 65000)
INSERT [dbo].[TONKHO] ([MAHH], [TONDAU], [NHAP], [XUAT], [TONCUOI], [TGTTON]) VALUES (N'HH004', 0, 30, 0, 30, 990000)
INSERT [dbo].[TONKHO] ([MAHH], [TONDAU], [NHAP], [XUAT], [TONCUOI], [TGTTON]) VALUES (N'HH005', 20, 20, 10, 10, 100000)
INSERT [dbo].[TONKHO] ([MAHH], [TONDAU], [NHAP], [XUAT], [TONCUOI], [TGTTON]) VALUES (N'HH006', 0, 15, 0, 15, 345000)
INSERT [dbo].[TONKHO] ([MAHH], [TONDAU], [NHAP], [XUAT], [TONCUOI], [TGTTON]) VALUES (N'HH007', 0, 0, 0, 0, 0)
INSERT [dbo].[TONKHO] ([MAHH], [TONDAU], [NHAP], [XUAT], [TONCUOI], [TGTTON]) VALUES (N'HH008', 0, 50, 0, 50, 1000000)
INSERT [dbo].[TONKHO] ([MAHH], [TONDAU], [NHAP], [XUAT], [TONCUOI], [TGTTON]) VALUES (N'HH009', 0, 0, 0, 0, 0)
INSERT [dbo].[TONKHO] ([MAHH], [TONDAU], [NHAP], [XUAT], [TONCUOI], [TGTTON]) VALUES (N'HH010', 0, 60, 0, 60, 3600000)
INSERT [dbo].[TONKHO] ([MAHH], [TONDAU], [NHAP], [XUAT], [TONCUOI], [TGTTON]) VALUES (N'HH011', 0, 0, 0, 0, 0)

INSERT [dbo].[XUATHANG] ([MAXH], [NGAYXH], [MAKH], [PHIXH], [MADH]) VALUES (N'XH001', CAST(N'2021-12-01' AS Date), N'KH002', 10000, N'DH001')
INSERT [dbo].[XUATHANG] ([MAXH], [NGAYXH], [MAKH], [PHIXH], [MADH]) VALUES (N'XH002', CAST(N'2021-12-01' AS Date), N'KH003', 20000, N'DH002')
ALTER TABLE [dbo].[CHITIEN]  WITH CHECK ADD FOREIGN KEY([MANCC])
REFERENCES [dbo].[NHACUNGCAP] ([MANCC])
GO
ALTER TABLE [dbo].[CHITIETDATHANG]  WITH CHECK ADD FOREIGN KEY([MADH])
REFERENCES [dbo].[DATHANG] ([MADH])
GO
ALTER TABLE [dbo].[CHITIETDATHANG]  WITH CHECK ADD FOREIGN KEY([MAHH])
REFERENCES [dbo].[HANGHOA] ([MAHH])
GO
ALTER TABLE [dbo].[CHITIETNHAPHANG]  WITH CHECK ADD FOREIGN KEY([MAHH])
REFERENCES [dbo].[HANGHOA] ([MAHH])
GO
ALTER TABLE [dbo].[CHITIETNHAPHANG]  WITH CHECK ADD FOREIGN KEY([MANH])
REFERENCES [dbo].[NHAPHANG] ([MANH])
GO
ALTER TABLE [dbo].[CHITIETXUATHANG]  WITH CHECK ADD FOREIGN KEY([MAHH])
REFERENCES [dbo].[HANGHOA] ([MAHH])
GO
ALTER TABLE [dbo].[CHITIETXUATHANG]  WITH CHECK ADD FOREIGN KEY([MAXH])
REFERENCES [dbo].[XUATHANG] ([MAXH])
GO
ALTER TABLE [dbo].[HANGHOA]  WITH CHECK ADD FOREIGN KEY([MANCC])
REFERENCES [dbo].[NHACUNGCAP] ([MANCC])
GO
ALTER TABLE [dbo].[THUTIEN]  WITH CHECK ADD FOREIGN KEY([MAKH])
REFERENCES [dbo].[KHACHHANG] ([MAKH])
GO
ALTER TABLE [dbo].[TONKHO]  WITH CHECK ADD FOREIGN KEY([MAHH])
REFERENCES [dbo].[HANGHOA] ([MAHH])
GO
ALTER TABLE [dbo].[XUATHANG]  WITH CHECK ADD FOREIGN KEY([MADH])
REFERENCES [dbo].[DATHANG] ([MADH])
GO
ALTER TABLE [dbo].[XUATHANG]  WITH CHECK ADD FOREIGN KEY([MAKH])
REFERENCES [dbo].[KHACHHANG] ([MAKH])
GO
